<?xml version="1.0" encoding="utf-8" standalone="no" ?>
<GUI onOpen="onOpen" onClose="onClose" onCreate="onCreate">
    <GuiElement type="empty" profile="newLayer" />

    <GuiElement type="bitmap" profile="EV_DialogBg" id="dialogBackground">
        <GuiElement type="bitmap" profile="EV_MenuHeader" id="header">
            <GuiElement type="multiTextOption" profile="EV_HeaderSelector" onClick="onClickPageSelection" id="pageSelector" soundDisabled="true">
                <GuiElement type="button" profile="EV_PagingButtonLeft" id="pagingButtonLeft" />
                <GuiElement type="button" profile="EV_PagingButtonRight" id="pagingButtonRight" />
            </GuiElement>

            <GuiElement type="list" profile="EV_PagingTabList" id="pagingTabList" handleFocus="false">
                <GuiElement type="listItem" id="pagingTabTemplate" profile="EV_MenuPageTab" position="0px 0px" handleFocus="false">
                    <GuiElement type="button" name="tabButton" profile="EV_TabButton" handleFocus="false" />
                </GuiElement>
            </GuiElement>
        </GuiElement>

        <GuiElement type="bitmap" profile="uiElementContainerFullScreenSpanning" size="1280px 608px">
            <GuiElement type="paging" profile="uiInGameMenuPaging" size="1280px 608px" position="0px 0px" onPageChange="onPageChange" onPageUpdate="onPageUpdate" id="pagingElement">
                <GuiElement type="frameReference" ref="EV_GlobalSettings" name="EV_GlobalSettings" id="pageGlobalSettings" />
                <GuiElement type="frameReference" ref="EV_SnapSettings" name="EV_SnapSettings" id="pageSnapSettings" />
            </GuiElement>
        </GuiElement>
    </GuiElement>

    <GuiElement type="flowLayout" profile="buttonBoxDocked" screenAlign="bottomLeft" size="1280px 100px" positionOrigin="bottomLeft" id="buttonsPanel">
        <GuiElement type="button" profile="buttonBack" onClick="onClickBack" id="menuButton[1]" />
        <GuiElement type="button" profile="buttonBack" onClick="onClickBack" id="menuButton[2]" />
    </GuiElement>
</GUI>
