<?xml version="1.0" encoding="utf-8" standalone="no" ?>
<GUIProfiles>
    <Presets>
        <Preset name="colorTransparent" value="0 0 0 0" />

        <Preset name="colorGlass" value="0.018 0.016 0.015 0.6" />
        <Preset name="colorGlass_50" value="0.018 0.016 0.015 0.25" />

        <Preset name="colorGlassVeryLight" value="0.718 0.716 0.715 0.04" />
        <Preset name="colorGlassExtremelyLight" value="0.918 0.916 0.915 0.15" />
        <Preset name="colorGlassMedium" value="0.118 0.116 0.115 0.20" />
        <Preset name="colorGlassDark" value="0.018 0.016 0.015 0.65" />
        <Preset name="colorGlassLight" value="0.718 0.716 0.715 0.25" />
        <Preset name="colorGlassLight_50" value="0.718 0.716 0.715 0.0625" />
        <Preset name="colorGlassLight_75" value="0.718 0.716 0.715 0.09375" />

        <Preset name="colorMainUI" value="0.9910 0.3865 0.0100 1" />
        <Preset name="colorMainUIAlt" value="0.9900 0.4640 0.0010 1" />
        <Preset name="colorDisabled" value="0.4 0.4 0.4 1" />

        <Preset name="colorWhite" value="1 1 1 1" />
        <Preset name="colorWhite_50" value="1 1 1 0.5" />
        <Preset name="colorWhite_25" value="1 1 1 0.25" />
        <Preset name="colorRed" value="0.8069 0.0097 0.0097 1" />
        <Preset name="colorDarkRed" value="0.2832 0.0091 0.0091 1" />
        <Preset name="colorBlue" value="0.0742 0.4341 0.6939 1" />
        <Preset name="colorGreen" value="0.0781 0.2233 0.0478 1" />
        <Preset name="colorGreen2" value="0.2122 0.5271 0.0307 1" />

        <Preset name="colorBlack" value="0 0 0 1" />
        <Preset name="colorBlack2" value="0.0075 0.0075 0.0075 1" />
        <Preset name="colorBlack3" value="0.013 0.013 0.013 1" />
        <Preset name="colorBlack3_97" value="0.013 0.013 0.013 0.97" />
        <Preset name="colorBlack3_70" value="0.013 0.013 0.013 0.7" />
        <Preset name="colorBlack3_0" value="0.013 0.013 0.013 0" />

        <Preset name="colorDarkGrey" value="0.0284 0.0284 0.0284 1" />
        <Preset name="colorDarkGrey_0" value="0.0284 0.0284 0.0284 0" />
        <Preset name="colorDarkGrey2" value="0.0630 0.0630 0.0630 1" />
        <Preset name="colorDarkGrey2_50" value="0.0630 0.0630 0.0630 0.5" />
        <Preset name="colorDarkGrey2_70" value="0.0630 0.0630 0.0630 0.7" />
        <Preset name="colorDarkGrey3" value="0.0194 0.0194 0.0194 1" />
        <Preset name="colorDarkGrey4" value="0.0723 0.0723 0.0723 1" />
        <Preset name="colorDarkGrey5" value="0.1356 0.1356 0.1356 1" />
        <Preset name="colorDarkGrey6" value="0.03 0.03 0.03 1" />
        <Preset name="colorDarkGrey7" value="0.0212 0.0212 0.0212 1" />

        <Preset name="colorListRowBackground" value="$preset_colorGlassLight_50" />

        <Preset name="colorLightGrey" value="0.0482 0.0482 0.0482 1" />
        <Preset name="colorDescriptionText" value="0.2918 0.2918 0.2918 1" />
        <Preset name="colorDescriptionText2" value="0.6 0.6 0.6 1" />
        <Preset name="colorDescriptionText3" value="0.1845 0.1845 0.1845 1" />
        <Preset name="colorDescriptionText4" value="0.6307 0.6307 0.6307 1" />
        <!-- UVs -->
        <Preset name="colorUVs" value="10px 1010px 4px 4px" />
    </Presets>

    <Traits>
        <Trait name="debugging">
            <Value name="debugEnabled" value="true" />
        </Trait>
        <Trait name="anchorTopLeft">
            <Value name="screenAlign" value="topLeft" />
            <Value name="positionOrigin" value="topLeft" />
        </Trait>
        <Trait name="anchorTopCenter">
            <Value name="screenAlign" value="topCenter" />
            <Value name="positionOrigin" value="topCenter" />
        </Trait>
    </Traits>

    <Profile name="EV_DialogBg" extends="dialogBg">
        <Value name="size" value="1280px 720px" />
    </Profile>

    <Profile name="EV_DialogBgWide" extends="dialogBg">
        <Value name="size" value="1280px 758px" />
    </Profile>

    <Profile name="EV_MenuHeader" extends="emptyPanel" with="anchorTopCenter">
        <Value name="size" value="1280px 112px" />
        <Value name="alignmentX" value="left" />
        <Value name="alignmentY" value="bottom" />
        <Value name="imageColor" value="$preset_colorGlassVeryLight" />
        <Value name="flowDirection" value="horizontal" />
        <Value name="wrapAround" value="true" />
        <Value name="lateralFlowSize" value="112px" />
        <Value name="fitToElements" value="true" />
        <Value name="autoValidateLayout" value="true" />
        <Value name="hasFrame" value="false" />
    </Profile>

    <Profile name="EV_MenuHeaderWide" extends="EV_MenuHeader">
        <Value name="size" value="1280px 150px" />
        <Value name="lateralFlowSize" value="150px" />
    </Profile>

    <Profile name="EV_HeaderSelector" extends="uiInGameMenuHeaderSelector">
        <Value name="size" value="1280px 112px" />
    </Profile>

    <Profile name="EV_HeaderSelectorWide" extends="uiInGameMenuHeaderSelector">
        <Value name="size" value="960px 112px" />
    </Profile>

    <Profile name="EV_PagingButtonLeft" extends="uiInGameMenuPagingButtonLeft">
    </Profile>

    <Profile name="EV_PagingButtonRight" extends="uiInGameMenuPagingButtonRight">
    </Profile>

    <Profile name="EV_TabButton" extends="uiTabbedMenuPageTabButton">
    </Profile>

    <Profile name="EV_MenuPageTab" extends="listItem">
        <Value name="size" value="100px 100px" />
        <Value name="margin" value="0px 0px 0px 0px" />
        <Value name="position" value="0px 0px" />
    </Profile>

    <Profile name="EV_MenuPageTabAlternate" extends="EV_MenuPageTab" with="alternateRow" />

    <Profile name="EV_PagingTabList" extends="list" with="anchorTopLeft">
        <Value name="size" value="1280px 112px" />
        <Value name="position" value="0px 0px" />
        <Value name="itemsPerRow" value="6" />
        <Value name="listItemHeight" value="112px" />
        <Value name="listItemWidth" value="100px" />
        <Value name="listItemPadding" value="0px" />
        <Value name="listItemSpacing" value="0px" />
        <Value name="fixedHeight" value="false" />
        <Value name="fixedWidth" value="false" />
        <Value name="margin" value="0px 0px 0px 0px" />
        <Value name="rowBackgroundProfile" value="EV_MenuPageTab" />
        <Value name="rowBackgroundProfileAlternate" value="EV_MenuPageTabAlternate" />
    </Profile>

    <Profile name="EV_PagingTabListWide" extends="guidanceSteeringPagingTabList">
        <Value name="size" value="1280px 150px" />
        <Value name="listItemHeight" value="150px" />
        <Value name="listItemWidth" value="132px" />
    </Profile>

    <Profile name="detailText" extends="textDefault">
        <Value name="textSize" value="28px" />
        <Value name="textColor" value="$preset_colorMainUI" />
        <Value name="size" value="250px 24px" />
        <Value name="textBold" value="true" />
        <Value name="margin" value="0px 0px 50px 0px" />
        <Value name="textAlignment" value="center" />
        <Value name="textVerticalAlignment" value="middle" />
    </Profile>

    <Profile name="EV_Button" extends="ingameMenuSettingsPauseButton">
        <Value name="screenAlign" value="bottomLeft" />
        <Value name="positionOrigin" value="bottomLeft" />
        <Value name="margin" value="30px 15px 30px 15px" />
        <Value name="iconSize" value="0px 0px" />
        <Value name="position" value="0px 0px" />
        <Value name="textBold" value="false" />
        <Value name="textSize" value="16px" />
        <Value name="iconColor" value="$preset_colorWhite" />
        <Value name="iconHighlightedColor" value="$preset_colorMainUI" />
    </Profile>

    <Profile name="EV_ButtonDetail" extends="guidanceButton">
        <Value name="size" value="205px 75px" />
        <Value name="margin" value="30px 5px 30px 5px" />
        <Value name="textSize" value="16px" />
        <Value name="textBold" value="true" />
        <Value name="position" value="0px 0px" />
        <Value name="textAlignment" value="center" />
        <Value name="textVerticalAlignment" value="middle" />
    </Profile>

    <Profile name="guidanceSettingsTextInput" extends="ingameMenuGameSettingsTextInput">
        <Value name="margin" value="35px 42px 35px 16px" />
    </Profile>

    <Profile name="EV_SettingsButton" extends="EV_Button">
        <Value name="margin" value="35px 15px 35px 15px" />
    </Profile>
    <Profile name="EV_SettingsMultiTextOptionSettings" extends="EV_Button">
        <Value name="margin" value="35px 42px 35px 16px" />
    </Profile>

    <Profile name="guidanceHeadlandMultiTextOptionSettings" extends="multiTextOptionSettings">
        <Value name="margin" value="35px 42px 35px 16px" />
    </Profile>

    <Profile name="guidanceMultiTextOptionSettings" extends="multiTextOptionSettings">
        <Value name="size" value="250px 48px" />
        <Value name="margin" value="35px 42px 35px 16px" />
    </Profile>

    <Profile name="guidanceMultiTextOptionBg" extends="multiTextOptionBg">
        <Value name="size" value="155px 48px" />
    </Profile>

    <Profile name="guidanceMultiTextOptionText" extends="multiTextOptionText">
        <Value name="textMaxWidth" value="100px" />
    </Profile>

    <Profile name="guidanceMultiTextOptionTitle" extends="multiTextOptionTitle">
        <Value name="textMaxWidth" value="250px" />
    </Profile>

    <Profile name="EV_SettingsLayoutLeft" extends="ingameMenuSettingsLayout">
        <Value name="hasFrame" value="true" />
        <Value name="frameThickness" value="1dp 1dp 0dp 1dp" />
        <Value name="frameLeftColor" value="$preset_colorGlassLight" />
        <Value name="frameRightColor" value="$preset_colorGlassLight" />
        <Value name="frameTopColor" value="$preset_colorGlassLight" />
        <Value name="frameBottomColor" value="$preset_colorGlassLight" />
    </Profile>

    <Profile name="EV_SettingsLayoutRight" extends="ingameMenuSettingsLayout">
        <Value name="hasFrame" value="true" />
        <Value name="frameThickness" value="1dp 1dp 1dp 1dp" />
        <Value name="frameLeftColor" value="$preset_colorGlassLight" />
        <Value name="frameRightColor" value="$preset_colorGlassLight" />
        <Value name="frameTopColor" value="$preset_colorGlassLight" />
        <Value name="frameBottomColor" value="$preset_colorGlassLight" />
    </Profile>

    <Profile name="EV_ButtonDetailLeft" extends="EV_ButtonDetail">
        <Value name="margin" value="30px 15px 30px 15px" />
        <Value name="textOffset" value="-5px 0px" />
        <Value name="size" value="65px 65px" />
        <Value name="iconSize" value="50px 50px" />
        <Value name="iconTextOffset" value="10px 0px" />
    </Profile>

    <Profile name="EV_ButtonDetailRight" extends="EV_ButtonDetail">
        <Value name="margin" value="30px 15px 30px 15px" />
        <Value name="textOffset" value="-5px 0px" />
        <Value name="size" value="65px 65px" />
        <Value name="iconSize" value="50px 50px" />
        <Value name="iconTextOffset" value="10px 0px" />
    </Profile>

    <Profile name="EV_ButtonSmallLeft" extends="EV_Button">
        <Value name="size" value="156px 45px" />
        <Value name="margin" value="30px 12.5px 2px 12.5px" />
    </Profile>

    <Profile name="EV_ButtonSmallRight" extends="EV_Button">
        <Value name="size" value="156px 45px" />
        <Value name="margin" value="2px 12.5px 30px 12.5px" />
    </Profile>

    <Profile name="cellImageBackground" extends="baseReference">
        <Value name="size" value="200px 200px" />
        <Value name="margin" value="25px 25px 25px 25px" />
    </Profile>

    <!-- list -->
    <Profile name="guidanceSteeringTracksListBox" extends="framedEmptyPanel" with="anchorTopLeft">
        <Value name="position" value="0px 0px" />
        <Value name="size" value="454px 500px" />
    </Profile>

    <Profile name="trackList" extends="list" with="anchorTopLeft">
        <Value name="size" value="425px 500px" />
        <Value name="selectOnScroll" value="true" />
        <Value name="isHorizontalList" value="false" />
        <Value name="itemsPerCol" value="11" />
        <Value name="listItemHeight" value="45.45px" />
        <Value name="listItemWidth" value="425px" />
        <Value name="rowBackgroundProfile" value="trackListItem" />
        <Value name="rowBackgroundProfileAlternate" value="trackListItemAlternate" />
    </Profile>

    <Profile name="trackListItem" extends="listItem">
        <Value name="imageColor" value="$preset_colorListRowBackground" />
        <Value name="imageFocusedColor" value="$preset_colorMainUI" />
        <Value name="imageSelectedColor" value="$preset_colorMainUI" />
        <Value name="size" value="425px 46.86px" />
        <Value name="position" value="0px 0px" />
    </Profile>
    <Profile name="trackListItemAlternate" extends="trackListItem" with="alternateRow" />

    <Profile name="trackListItemTitle" extends="textDefault">
        <Value name="size" value="425px 46px" />
        <Value name="textMaxWidth" value="425px" />
        <Value name="textVerticalAlignment" value="middle" />
        <Value name="textSize" value="16px" />
        <Value name="textBold" value="false" />
        <Value name="textOffset" value="40px 2px" />
        <Value name="textFocusedOffset" value="40px 2px" />
    </Profile>

    <Profile name="trackListItemGroup" extends="trackListItem">
        <Value name="imageColor" value="$preset_colorGlassExtremelyLight" />
        <Value name="allowFocus" value="false" />
    </Profile>

    <Profile name="trackListItemGroupTitle" extends="trackListItemTitle">
        <Value name="textBold" value="true" />
        <Value name="textOffset" value="30px 2px" />
        <Value name="textFocusedOffset" value="30px 2px" />
        <Value name="textSize" value="18px" />
    </Profile>
</GUIProfiles>
