<?xml version="1.0" encoding="utf-8" standalone="no" ?>
<modDesc descVersion="60">
  <author>Majo76</author>

  <version>0.9.2.0</version>

  <title>
    <de>EnhancedVehicle</de>
    <en>EnhancedVehicle</en>
  </title>

  <description>
    <de><![CDATA[Differentialsperren und Antriebsmodi für dein Fahrzeug. Mehr Fahrzeugsdetails im HUD.]]></de>
    <en><![CDATA[Differential locks and wheel drive modes for your vehicle. Shows more vehicle details on HUD.]]></en>
  </description>

  <iconFilename>FS22_EnhancedVehicle.dds</iconFilename>

  <multiplayer supported="true"/>

  <l10n filenamePrefix="modDesc_l10n"/>

  <actions>
    <action name="FS22_EnhancedVehicle_SNAP_ONOFF"      category="VEHICLE"/>
    <action name="FS22_EnhancedVehicle_SNAP_ONOFF2"     category="VEHICLE"/>
    <action name="FS22_EnhancedVehicle_SNAP_INC1"       category="VEHICLE"/>
    <action name="FS22_EnhancedVehicle_SNAP_DEC1"       category="VEHICLE"/>
    <action name="FS22_EnhancedVehicle_SNAP_INC2"       category="VEHICLE"/>
    <action name="FS22_EnhancedVehicle_SNAP_DEC2"       category="VEHICLE"/>
    <action name="FS22_EnhancedVehicle_SNAP_INC3"       category="VEHICLE"/>
    <action name="FS22_EnhancedVehicle_SNAP_DEC3"       category="VEHICLE"/>
    <action name="FS22_EnhancedVehicle_FD"              category="VEHICLE"/>
    <action name="FS22_EnhancedVehicle_RD"              category="VEHICLE"/>
    <action name="FS22_EnhancedVehicle_BD"              category="VEHICLE"/>
    <action name="FS22_EnhancedVehicle_DM"              category="VEHICLE"/>
    <action name="FS22_EnhancedVehicle_TOGGLE_DISPLAY"  category="VEHICLE"/>
    <action name="FS22_EnhancedVehicle_AJ_REAR_UPDOWN"  category="VEHICLE"/>
    <action name="FS22_EnhancedVehicle_AJ_REAR_ONOFF"   category="VEHICLE"/>
    <action name="FS22_EnhancedVehicle_AJ_FRONT_UPDOWN" category="VEHICLE"/>
    <action name="FS22_EnhancedVehicle_AJ_FRONT_ONOFF"  category="VEHICLE"/>
    <action name="FS22_EnhancedVehicle_RESET"           category="VEHICLE"/>
    <action name="FS22_EnhancedVehicle_RELOAD"          category="VEHICLE"/>
<!--
    <action name="FS22_DBG1_UP"   category="VEHICLE"/>
    <action name="FS22_DBG1_DOWN" category="VEHICLE"/>
    <action name="FS22_DBG2_UP"   category="VEHICLE"/>
    <action name="FS22_DBG2_DOWN" category="VEHICLE"/>
    <action name="FS22_DBG3_UP"   category="VEHICLE"/>
    <action name="FS22_DBG3_DOWN" category="VEHICLE"/>
-->
  </actions>

  <inputBinding>
    <actionBinding action="FS22_EnhancedVehicle_SNAP_ONOFF">
      <binding device="KB_MOUSE_DEFAULT" input="KEY_rctrl KEY_end" axisComponent="+" inputComponent="+" index="2"/>
    </actionBinding>
    <actionBinding action="FS22_EnhancedVehicle_SNAP_ONOFF2">
      <binding device="KB_MOUSE_DEFAULT" input="KEY_rshift KEY_end" axisComponent="+" inputComponent="+" index="2"/>
    </actionBinding>
    <actionBinding action="FS22_EnhancedVehicle_SNAP_INC3">
      <binding device="KB_MOUSE_DEFAULT" input="KEY_rctrl KEY_pageup" axisComponent="+" inputComponent="+" index="2"/>
    </actionBinding>
    <actionBinding action="FS22_EnhancedVehicle_SNAP_DEC3">
      <binding device="KB_MOUSE_DEFAULT" input="KEY_rctrl KEY_pagedown" axisComponent="+" inputComponent="+" index="2"/>
    </actionBinding>
    <actionBinding action="FS22_EnhancedVehicle_SNAP_INC1">
      <binding device="KB_MOUSE_DEFAULT" input="KEY_rshift KEY_pageup" axisComponent="+" inputComponent="+" index="2"/>
    </actionBinding>
    <actionBinding action="FS22_EnhancedVehicle_SNAP_DEC1">
      <binding device="KB_MOUSE_DEFAULT" input="KEY_rshift KEY_pagedown" axisComponent="+" inputComponent="+" index="2"/>
    </actionBinding>
    <actionBinding action="FS22_EnhancedVehicle_SNAP_INC2">
      <binding device="KB_MOUSE_DEFAULT" input="KEY_rshift KEY_rctrl KEY_pageup" axisComponent="+" inputComponent="+" index="2"/>
    </actionBinding>
    <actionBinding action="FS22_EnhancedVehicle_SNAP_DEC2">
      <binding device="KB_MOUSE_DEFAULT" input="KEY_rshift KEY_rctrl KEY_pagedown" axisComponent="+" inputComponent="+" index="2"/>
    </actionBinding>
    <actionBinding action="FS22_EnhancedVehicle_FD">
      <binding device="KB_MOUSE_DEFAULT" input="KEY_rctrl KEY_KP_7" axisComponent="+" inputComponent="+" index="2"/>
    </actionBinding>
    <actionBinding action="FS22_EnhancedVehicle_RD">
      <binding device="KB_MOUSE_DEFAULT" input="KEY_rctrl KEY_KP_8" axisComponent="+" inputComponent="+" index="2"/>
    </actionBinding>
    <actionBinding action="FS22_EnhancedVehicle_BD">
      <binding device="KB_MOUSE_DEFAULT" input="" axisComponent="+" inputComponent="+" index="2"/>
    </actionBinding>
    <actionBinding action="FS22_EnhancedVehicle_DM">
      <binding device="KB_MOUSE_DEFAULT" input="KEY_rctrl KEY_KP_9" axisComponent="+" inputComponent="+" index="2"/>
    </actionBinding>
    <actionBinding action="FS22_EnhancedVehicle_TOGGLE_DISPLAY">
      <binding device="KB_MOUSE_DEFAULT" input="KEY_rctrl KEY_home" axisComponent="+" inputComponent="+" index="2"/>
    </actionBinding>
    <actionBinding action="FS22_EnhancedVehicle_AJ_REAR_UPDOWN">
      <binding device="KB_MOUSE_DEFAULT" input="KEY_lalt KEY_1" axisComponent="+" inputComponent="+" index="2"/>
    </actionBinding>
    <actionBinding action="FS22_EnhancedVehicle_AJ_REAR_ONOFF">
      <binding device="KB_MOUSE_DEFAULT" input="KEY_lalt KEY_2" axisComponent="+" inputComponent="+" index="2"/>
    </actionBinding>
    <actionBinding action="FS22_EnhancedVehicle_AJ_FRONT_UPDOWN">
      <binding device="KB_MOUSE_DEFAULT" input="KEY_lalt KEY_3" axisComponent="+" inputComponent="+" index="2"/>
    </actionBinding>
    <actionBinding action="FS22_EnhancedVehicle_AJ_FRONT_ONOFF">
      <binding device="KB_MOUSE_DEFAULT" input="KEY_lalt KEY_4" axisComponent="+" inputComponent="+" index="2"/>
    </actionBinding>
    <actionBinding action="FS22_EnhancedVehicle_RESET">
      <binding device="KB_MOUSE_DEFAULT" input="KEY_rctrl KEY_KP_divide" axisComponent="+" inputComponent="+" index="2"/>
    </actionBinding>
    <actionBinding action="FS22_EnhancedVehicle_RELOAD">
      <binding device="KB_MOUSE_DEFAULT" input="KEY_rctrl KEY_KP_multiply" axisComponent="+" inputComponent="+" index="2"/>
    </actionBinding>
<!--
    <actionBinding action="FS22_DBG1_UP">
      <binding device="KB_MOUSE_DEFAULT" input="KEY_KP_4" axisComponent="+" inputComponent="+" index="1"/>
    </actionBinding>
    <actionBinding action="FS22_DBG1_DOWN">
      <binding device="KB_MOUSE_DEFAULT" input="KEY_KP_1" axisComponent="+" inputComponent="+" index="1"/>
    </actionBinding>
    <actionBinding action="FS22_DBG2_UP">
      <binding device="KB_MOUSE_DEFAULT" input="KEY_KP_5" axisComponent="+" inputComponent="+" index="1"/>
    </actionBinding>
    <actionBinding action="FS22_DBG2_DOWN">
      <binding device="KB_MOUSE_DEFAULT" input="KEY_KP_2" axisComponent="+" inputComponent="+" index="1"/>
    </actionBinding>
    <actionBinding action="FS22_DBG3_UP">
      <binding device="KB_MOUSE_DEFAULT" input="KEY_KP_6" axisComponent="+" inputComponent="+" index="1"/>
    </actionBinding>
    <actionBinding action="FS22_DBG3_DOWN">
      <binding device="KB_MOUSE_DEFAULT" input="KEY_KP_3" axisComponent="+" inputComponent="+" index="1"/>
    </actionBinding>
-->
  </inputBinding>

  <extraSourceFiles>
    <sourceFile filename="FS22_EnhancedVehicle_Register.lua" />
  </extraSourceFiles>

</modDesc>
