<?xml version="1.0" encoding="utf-8" standalone="no" ?>
<l10n>
  <texts>
    <text name="input_FS22_EnhancedVehicle_SNAP_ONOFF" text="EV: Snap current direction"/>
    <text name="input_FS22_EnhancedVehicle_SNAP_ONOFF2" text="EV: Snap previous direction"/>
    <text name="input_FS22_EnhancedVehicle_SNAP_REVERSE" text="EV: Reverse snap direction (180°)"/>
    <text name="input_FS22_EnhancedVehicle_SNAP_LINES" text="EV: Helplines on/off"/>
    <text name="input_FS22_EnhancedVehicle_SNAP_INC1" text="EV: Increase snap direction by 1°"/>
    <text name="input_FS22_EnhancedVehicle_SNAP_DEC1" text="EV: Decrease snap direction by 1°"/>
    <text name="input_FS22_EnhancedVehicle_SNAP_INC1" text="EV: Increase snap direction by 45°"/>
    <text name="input_FS22_EnhancedVehicle_SNAP_DEC1" text="EV: Decrease snap direction by 45°"/>
    <text name="input_FS22_EnhancedVehicle_SNAP_INC1" text="EV: Increase snap direction by 90°"/>
    <text name="input_FS22_EnhancedVehicle_SNAP_DEC1" text="EV: Decrease snap direction by 90°"/>
    <text name="input_FS22_EnhancedVehicle_FD" text="EV: Differential lock front axle on/off"/>
    <text name="input_FS22_EnhancedVehicle_RD" text="EV: Differential lock rear axle on/off"/>
    <text name="input_FS22_EnhancedVehicle_BD" text="EV: Both differential locks on/off"/>
    <text name="input_FS22_EnhancedVehicle_DM" text="EV: Change wheel drive mode"/>
    <text name="input_FS22_EnhancedVehicle_TOGGLE_DISPLAY" text="EV: Damage/Fuel display on/off"/>
    <text name="input_FS22_EnhancedVehicle_AJ_REAR_UPDOWN" text="EV: rear hydraulic up/down"/>
    <text name="input_FS22_EnhancedVehicle_AJ_REAR_ONOFF" text="EV: rear hydraulic on/off"/>
    <text name="input_FS22_EnhancedVehicle_AJ_FRONT_UPDOWN" text="EV: front hydraulic up/down"/>
    <text name="input_FS22_EnhancedVehicle_AJ_FRONT_ONOFF" text="EV: front hydraulic on/off"/>
    <text name="input_FS22_EnhancedVehicle_RESET" text="EV: reset HUD"/>
    <text name="input_FS22_EnhancedVehicle_RELOAD" text="EV: reload XML config file"/>
    <text name="input_FS22_EnhancedVehicle_MENU" text="EV: open config menu"/>
  </texts>
</l10n>
